,,329,303,,,,,,203,185,,,,,,101,83,,,,,,,,
,347,330,304,278,,,,221,204,186,164,,,,123,102,84,66,,,,,,,
364,348,331,305,279,266,,246,222,205,187,165,156,,144,124,103,85,67,62,,,,,,
365,349,332,306,280,267,,247,223,206,188,166,157,,145,125,104,86,68,63,,,,,,
366,350,333,307,281,268,,248,224,207,189,167,158,,146,126,105,87,69,64,,,,,,
367,351,334,308,282,269,,249,225,208,190,168,159,,147,127,106,88,70,65,,,,,,
,,,,,,,,,,,,,,,,,,,,,,,,,
,352,335,309,283,,,,226,209,191,169,,,,128,107,89,71,,,,,,,
,353,336,310,284,,,,227,210,192,170,,,,129,108,90,72,,,,,,,
,354,337,311,285,,,,228,211,193,171,,,,130,109,91,73,,,,,,,
,355,338,312,286,,,,229,212,194,172,,,,131,110,92,74,,,,,,,
,,,,,,,,,,,,,,,,,,,,,,,,,
,356,339,313,287,,,,230,213,195,173,,,,132,111,93,75,,,,,,,
,357,340,314,288,,,,231,214,196,174,,,,133,112,94,76,,,,,,,
,358,341,315,289,,,,232,215,197,175,,,,134,113,95,77,,,,,,,
,359,342,316,290,,,,233,216,198,176,,,,135,114,96,78,,,,31,17,,
,,,,,,,,,,,,,,,,,,,,,45,32,18,4,
,360,343,317,291,,,,234,217,199,177,,,,136,115,97,79,,58,46,33,19,5,0
,361,344,318,292,,,,235,218,200,178,,,,137,116,98,80,,59,47,34,20,6,1
,362,345,319,293,,,,236,219,201,179,,,,138,117,99,81,,60,48,35,21,7,2
,363,346,320,294,,,,237,220,202,180,,,,139,118,100,82,,61,49,36,22,8,3
,,,,,,,,,,,,,,,,,,,,,,,,,
,,,321,295,270,258,250,238,,,181,160,152,148,140,119,,,,,50,37,23,9,
,,,322,296,271,259,251,239,,,182,161,153,149,141,120,,,,,51,38,24,10,
,,,323,297,272,260,252,240,,,183,162,154,150,142,121,,,,,52,39,25,11,
,,,324,298,273,261,253,241,,,184,163,155,151,143,122,,,,,53,40,26,12,
,,,,,,,,,,,,,,,,,,,,,,,,,
,,,325,299,274,262,254,242,,,,,,,,,,,,,54,41,27,13,
,,,326,300,275,263,255,243,,,,,,,,,,,,,55,42,28,14,
,,,327,301,276,264,256,244,,,,,,,,,,,,,56,43,29,15,
,,,328,302,277,265,257,245,,,,,,,,,,,,,57,44,30,16,
